"Player","Team","Positions","AB","R","HR","RBI","SB","AVG","OBP","H","2B","3B","BB","SO","SLG","OPS","Rost%"
"Ronald Acuna Jr.","ATL","RF","574","126","37","98","52",".313",".396","180","33","2","79","106",".572",".968","99%"
"Bobby Witt Jr.","KC","SS","611","98","29","91","41",".277",".323","169","33","7","41","122",".496",".819","99%"
"Julio Rodriguez","SEA","CF","604","100","32","94","33",".280",".335","169","34","3","51","157",".501",".837","99%"
"Mookie Betts","LAD","2B,SS,RF","576","113","33","97","13",".282",".372","162","36","2","83","107",".527",".899","99%"
"Kyle Tucker","HOU","RF","574","96","31","105","25",".282",".361","162","34","4","71","97",".519",".880","99%"
"Corbin Carroll","ARI","LF,CF,RF","572","101","23","80","43",".275",".346","157","30","9","63","135",".479",".825","99%"
"Fernando Tatis Jr.","SD","RF","582","102","35","97","28",".274",".344","159","33","2","63","146",".518",".862","99%"
"Freddie Freeman","LAD","1B","586","105","26","96","14",".303",".382","178","40","2","74","110",".510",".892","99%"
"Juan Soto","NYY","LF","530","107","37","102","11",".279",".421","148","27","2","130","112",".541",".962","99%"
"Aaron Judge","NYY","CF,RF,DH","519","103","45","110","7",".274",".389","142","23","0","98","169",".576",".965","99%"
"Trea Turner","PHI","SS","613","96","23","83","28",".281",".331","172","34","4","46","133",".462",".793","99%"
"Jose Ramirez","CLE","3B,DH","578","92","27","95","25",".278",".356","161","37","4","69","76",".497",".853","99%"
"Matt Olson","ATL","1B","566","101","40","113","1",".265",".364","150","29","1","87","148",".535",".899","99%"
"Yordan Alvarez","HOU","LF,DH","508","97","38","107","1",".297",".390","151","31","2","77","117",".590",".980","99%"
"Bryce Harper","PHI","1B,DH","524","93","29","91","13",".283",".387","148","34","1","88","134",".517",".903","99%"
"Austin Riley","ATL","3B","595","98","36","105","2",".278",".341","165","32","2","57","160",".522",".863","99%"
"Rafael Devers","BOS","3B","584","95","35","103","4",".282",".350","165","36","1","61","125",".527",".877","99%"
"Shohei Ohtani","LAD","DH,SP","539","104","39","107","20",".276",".376","149","28","5","86","154",".564",".940","50%"
"Ozzie Albies","ATL","2B","588","94","28","93","13",".273",".326","161","33","4","46","109",".484",".809","99%"
"Francisco Lindor","NYM","SS","583","92","27","87","21",".253",".325","147","28","2","62","127",".446",".771","99%"
"Pete Alonso","NYM","1B","566","89","40","109","4",".248",".327","141","24","1","66","139",".507",".834","99%"
"Marcus Semien","TEX","2B","610","100","27","85","15",".264",".332","161","34","3","62","112",".462",".794","99%"
"Corey Seager","TEX","SS","519","88","30","91","2",".295",".364","153","34","1","57","96",".539",".903","99%"
"Vladimir Guerrero Jr.","TOR","1B,DH","583","92","32","99","6",".283",".358","165","32","1","68","99",".506",".863","99%"
"Michael Harris II","ATL","CF","556","85","22","80","23",".285",".327","158","35","3","34","121",".475",".801","99%"
"Luis Robert Jr.","CWS","CF","569","85","32","90","19",".268",".310","152","33","1","35","160",".498",".808","98%"
"Gunnar Henderson","BAL","3B,SS","566","92","27","88","12",".260",".338","147","30","6","66","159",".475",".812","99%"
"Bo Bichette","TOR","SS","601","86","23","87","11",".291",".332","175","35","2","37","127",".471",".803","98%"
"Elly De La Cruz","CIN","3B,SS","541","85","22","74","37",".247",".308","133","27","6","48","187",".441",".749","98%"
"Randy Arozarena","TB","LF","559","88","23","81","25",".259",".337","145","29","3","65","156",".446",".783","98%"
"Jose Altuve","HOU","2B","554","97","24","76","14",".275",".348","152","30","1","63","101",".466",".815","99%"
"Adolis Garcia","TEX","CF,RF","564","86","32","94","13",".242",".303","136","28","2","49","178",".466",".769","97%"
"Manny Machado","SD","3B,DH","566","84","30","96","7",".268",".336","152","28","1","58","117",".480",".817","99%"
"CJ Abrams","WSH","SS","569","81","16","63","38",".254",".292","144","30","4","31","115",".405",".698","91%"
"Mike Trout","LAA","CF","492","86","34","88","3",".262",".357","129","25","2","72","160",".525",".882","98%"
"Royce Lewis","MIN","3B","509","77","26","83","13",".268",".328","136","27","2","46","127",".477",".805","95%"
"Cody Bellinger","CHC","1B,CF","538","81","23","82","17",".262",".323","141","28","2","48","117",".450",".773","98%"
"Paul Goldschmidt","STL","1B,DH","571","89","26","86","8",".267",".355","153","30","1","78","150",".459",".814","99%"
"Jazz Chisholm Jr.","MIA","CF","508","77","25","75","29",".247",".307","125","22","4","44","159",".453",".760","84%"
"Adley Rutschman","BAL","C,DH","517","80","18","70","3",".270",".365","139","31","1","77","94",".441",".806","99%"
"Nolan Jones","COL","1B,LF,RF","524","82","24","81","16",".267",".354","140","30","4","71","174",".472",".826","94%"
"Christian Yelich","MIL","LF,DH","545","89","18","70","22",".260",".357","142","28","2","83","147",".421",".778","97%"
"Oneil Cruz","PIT","SS","523","81","24","73","22",".247",".317","129","24","4","54","161",".444",".762","88%"
"Gleyber Torres","NYY","2B","563","83","24","79","13",".269",".338","151","27","1","59","109",".451",".789","96%"
"Alex Bregman","HOU","3B","560","90","23","88","2",".264",".360","148","31","2","84","80",".451",".811","99%"
"Kyle Schwarber","PHI","LF,DH","548","97","40","97","4",".221",".343","121","20","1","101","193",".484",".826","99%"
"Bryan Reynolds","PIT","LF,CF","572","85","24","82","9",".268",".339","153","30","4","61","138",".460",".799","97%"
"Christian Walker","ARI","1B","565","81","28","92","6",".253",".327","143","30","2","62","129",".460",".787","97%"
"Nico Hoerner","CHC","2B,SS","578","80","10","64","32",".280",".331","162","27","4","45","78",".392",".724","98%"
"J.T. Realmuto","PHI","C","464","66","19","68","14",".255",".311","118","24","3","38","125",".443",".754","98%"
"Will Smith","LAD","C","442","70","21","75","2",".261",".345","115","23","2","56","88",".465",".809","99%"
"Triston Casas","BOS","1B","508","78","27","82","1",".257",".359","131","26","2","81","140",".474",".834","93%"
"Nolan Arenado","STL","3B","571","74","26","93","4",".262",".319","150","31","2","48","95",".459",".778","98%"
"William Contreras","MIL","C,DH","512","74","21","73","4",".270",".343","138","28","1","58","129",".449",".793","98%"
"Xander Bogaerts","SD","SS","567","81","18","72","12",".278",".344","157","31","1","57","114",".431",".775","96%"
"Seiya Suzuki","CHC","RF","513","77","22","74","9",".269",".348","138","28","3","62","132",".465",".813","91%"
"Ketel Marte","ARI","2B","567","87","21","80","7",".274",".348","155","35","5","64","109",".463",".811","98%"
"Ha-Seong Kim","SD","2B,3B,SS","533","73","15","62","26",".245",".323","131","26","2","61","116",".385",".708","96%"
"Nick Castellanos","PHI","RF","575","74","24","86","7",".260",".305","150","33","1","37","158",".446",".752","94%"
"George Springer","TOR","RF,DH","543","84","23","73","14",".258",".326","140","25","2","56","116",".438",".764","96%"
"Teoscar Hernandez","LAD","RF,DH","537","75","28","90","8",".260",".307","140","27","1","37","171",".473",".780","84%"
"Spencer Torkelson","DET","1B","567","82","30","87","3",".242",".322","137","30","1","66","153",".457",".779","88%"
"Andres Gimenez","CLE","2B","560","78","17","71","28",".265",".309","148","29","4","36","119",".424",".733","82%"
"Dansby Swanson","CHC","SS","574","81","23","80","12",".254",".322","146","28","2","58","157",".428",".750","92%"
"Evan Carter","TEX","LF","494","75","16","66","18",".255",".345","126","25","5","68","143",".421",".766","94%"
"Lane Thomas","WSH","CF,RF","570","80","23","73","15",".249",".305","142","31","3","46","156",".432",".737","87%"
"Yandy Diaz","TB","1B,3B","527","83","18","70","2",".291",".377","153","30","1","73","89",".452",".830","96%"
"Bryson Stott","PHI","2B","531","70","13","63","21",".264",".320","141","28","3","43","103",".400",".720","91%"
"Josh Jung","TEX","3B","538","73","25","81","3",".255",".302","137","28","2","37","164",".451",".754","70%"
"Jordan Walker","STL","LF,RF","499","65","19","68","10",".266",".327","133","26","2","46","127",".439",".767","66%"
"Josh Naylor","CLE","1B,DH","513","66","22","85","8",".280",".335","143","31","0","42","82",".471",".806","89%"
"Spencer Steer","CIN","1B,2B,3B,LF","516","71","20","76","9",".255",".328","131","31","2","56","126",".441",".769","94%"
"Josh Lowe","TB","CF,RF,DH","424","59","15","60","22",".256",".317","109","26","2","38","128",".435",".752","75%"
"Anthony Volpe","NYY","SS","524","72","20","68","24",".229",".300","120","27","3","52","148",".408",".707","71%"
"Wyatt Langford","TEX","LF,OF","494","72","21","75","14",".258",".328","128","27","3","51","123",".457",".785","81%"
"Zack Gelof","OAK","2B","536","72","19","64","21",".239",".308","128","29","2","54","174",".404",".712","67%"
"Anthony Santander","BAL","1B,RF,DH","563","78","29","90","3",".250",".311","141","31","1","50","135",".461",".772","93%"
"Marcell Ozuna","ATL","LF,DH","509","74","30","86","1",".254",".322","129","24","1","51","131",".482",".804","93%"
"Riley Greene","DET","CF,RF","537","76","17","65","9",".270",".337","145","26","6","54","155",".433",".770","62%"
"Yainer Diaz","HOU","C,1B,DH","418","55","20","67","1",".270",".303","113","22","1","20","86",".471",".775","93%"
"Cedric Mullins II","BAL","CF","518","74","18","65","27",".248",".311","129","26","3","47","117",".417",".728","87%"
"Christian Encarnacion-Strand","CIN","1B,DH","485","68","27","83","3",".264",".315","128","25","2","36","144",".487",".802","65%"
"Vinnie Pasquantino","KC","1B","501","68","21","74","2",".275",".351","138","32","2","59","72",".474",".825","80%"
"Jackson Chourio","MIL","CF","487","62","16","63","22",".256",".301","124","24","3","31","117",".411",".712","66%"
"Luis Arraez","MIA","1B,2B","565","77","8","62","4",".317",".369","179","30","4","46","40",".427",".796","96%"
"Jorge Soler","SF","RF,DH","507","74","30","80","1",".241",".327","122","23","1","65","145",".465",".792","87%"
"Ian Happ","CHC","LF","555","81","21","76","11",".250",".342","139","31","3","78","151",".426",".768","87%"
"Chas McCormick","HOU","LF,CF,RF","461","67","20","68","15",".250",".321","115","18","2","49","136",".428",".749","60%"
"Thairo Estrada","SF","2B,SS","532","70","15","61","22",".260",".301","138","25","3","32","115",".400",".701","67%"
"Jarren Duran","BOS","LF,CF","485","70","13","56","26",".258",".313","125","30","5","39","135",".424",".737","57%"
"Cal Raleigh","SEA","C","473","63","27","75","1",".228",".297","108","25","1","46","142",".456",".753","89%"
"Sean Murphy","ATL","C","383","59","19","62","0",".253",".331","97","22","1","45","100",".464",".795","85%"
"Rhys Hoskins","MIL","1B","515","76","28","82","3",".239",".330","123","28","2","71","149",".461",".791","63%"
"Willson Contreras","STL","C,DH","422","62","20","65","5",".252",".329","106","22","1","48","112",".452",".781","81%"
"Masataka Yoshida","BOS","LF,DH","506","68","16","71","5",".290",".350","147","29","2","47","72",".451",".802","90%"
"Jake Burger","MIA","3B,DH","547","72","29","83","1",".250",".300","137","27","2","39","161",".466",".766","58%"
"James Outman","LAD","LF,CF","455","70","19","65","11",".232",".316","105","20","3","56","166",".418",".734","64%"
"Max Muncy","LAD","3B","451","76","27","79","2",".222",".338","100","19","1","79","139",".450",".788","89%"
"Willy Adames","MIL","SS","556","79","27","86","6",".242",".320","135","29","2","64","163",".446",".766","69%"
"Esteury Ruiz","OAK","LF,CF,RF","414","57","7","39","49",".246",".295","102","22","2","29","96",".364",".659","59%"
"Brandon Nimmo","NYM","LF,CF","554","88","19","67","5",".267",".353","148","29","5","74","129",".438",".790","89%"
"Alec Bohm","PHI","1B,3B","551","71","17","76","4",".274",".325","151","28","1","42","104",".420",".745","86%"
"Ke'Bryan Hayes","PIT","3B","545","71","16","67","15",".263",".317","143","30","5","44","119",".423",".740","69%"
"Salvador Perez","KC","C,1B,DH","507","61","25","81","0",".257",".288","130","22","1","22","129",".452",".740","85%"
"Nolan Gorman","STL","2B,3B,DH","467","68","27","77","6",".239",".314","112","20","1","51","160",".459",".773","57%"
"Trevor Story","BOS","SS","507","70","20","70","21",".237",".299","120","28","2","45","161",".420",".719","48%"
"Francisco Alvarez","NYM","C","415","57","24","66","2",".228",".306","95","17","0","47","123",".438",".744","73%"
"Christopher Morel","CHC","2B,CF,RF,DH","476","71","25","74","11",".240",".307","114","22","4","46","162",".462",".769","56%"
"Gabriel Moreno","ARI","C","438","53","10","57","6",".280",".335","123","24","1","36","89",".411",".746","79%"
"Isaac Paredes","TB","1B,2B,3B","480","68","25","80","1",".242",".326","116","24","1","60","97",".454",".781","87%"
"Ezequiel Tovar","COL","SS","566","74","17","71","13",".261",".298","148","32","4","30","147",".421",".719","51%"
"Steven Kwan","CLE","LF","571","82","6","55","18",".277",".348","158","30","6","62","65",".381",".729","84%"
"Edouard Julien","MIN","2B,DH","459","71","15","55","8",".243",".355","112","23","1","79","164",".395",".750","41%"
"Eloy Jimenez","CWS","RF,DH","506","64","25","79","0",".274",".327","138","25","0","40","113",".472",".799","60%"
"Nathaniel Lowe","TEX","1B","509","71","19","71","3",".270",".349","137","26","2","62","131",".440",".789","47%"
"Jonah Heim","TEX","C","447","55","18","63","2",".245",".306","109","24","1","40","95",".418",".724","67%"
"Jeimer Candelario","CIN","1B,3B","505","71","22","76","4",".252",".320","127","31","2","51","132",".450",".770","49%"
"Tyler O'Neill","BOS","LF,CF","449","67","22","68","12",".252",".324","113","22","1","47","137",".454",".777","36%"
"Daulton Varsho","TOR","LF,CF","510","72","24","72","16",".235",".298","120","24","3","46","132",".432",".730","59%"
"Jonathan India","CIN","2B","484","76","18","64","12",".254",".330","123","26","1","54","119",".424",".754","47%"
"Byron Buxton","MIN","DH","437","70","27","68","11",".234",".301","102","24","2","42","145",".484",".785","44%"
"Kerry Carpenter","DET","LF,RF,DH","478","62","21","70","5",".256",".309","122","23","3","37","128",".443",".752","47%"
"J.D. Martinez","NYM","LF,DH","460","61","22","72","1",".245",".310","113","25","1","43","144",".445",".755","48%"
"Starling Marte","NYM","RF","470","65","12","53","29",".261",".306","123","20","3","30","103",".391",".697","40%"
"Lourdes Gurriel Jr.","ARI","LF,DH","504","64","17","71","4",".278",".323","140","31","2","34","96",".446",".769","72%"
"Ryan Mountcastle","BAL","1B,DH","488","65","22","74","4",".262",".319","128","23","1","41","128",".450",".770","38%"
"Taylor Ward","LAA","LF","480","74","20","69","6",".264",".340","127","26","1","55","115",".450",".790","35%"
"Jorge Polanco","SEA","2B,3B","496","68","21","70","7",".244",".320","121","24","1","56","130",".426",".746","45%"
"Jeremy Pena","HOU","SS","554","75","16","66","14",".259",".305","143","27","2","37","129",".402",".708","45%"
"Carlos Correa","MIN","SS","522","72","21","73","0",".261",".338","136","28","1","61","124",".437",".775","66%"
"Logan O'Hoppe","LAA","C","412","57","23","65","3",".251",".322","103","17","1","43","100",".467",".789","48%"
"Matt Chapman","SF","3B","513","72","23","71","3",".235",".321","120","27","3","65","164",".431",".752","42%"
"Jack Suwinski","PIT","LF,CF,RF","438","64","24","68","9",".226",".327","99","20","2","66","158",".443",".770","34%"
"Andrew Vaughn","CWS","1B","549","68","23","79","0",".261",".313","143","29","1","41","119",".442",".755","29%"
"Maikel Garcia","KC","3B,SS","496","67","7","50","22",".266",".327","132","26","3","45","112",".373",".700","41%"
"Mitch Garver","SEA","C,DH","410","57","22","62","1",".235",".324","96","18","0","54","121",".438",".762","46%"
"Brandon Drury","LAA","1B,2B","506","66","23","77","2",".248",".293","125","27","2","32","136",".445",".738","44%"
"Keibert Ruiz","WSH","C","445","51","15","58","2",".265",".313","118","24","0","31","52",".422",".735","71%"
"Jung Hoo Lee","SF","CF,OF","527","68","10","61","7",".284",".344","150","35","4","48","55",".422",".766","67%"
"Lars Nootbaar","STL","LF,CF,RF","406","66","16","54","8",".251",".353","102","20","2","64","96",".432",".784","34%"
"Jackson Holliday","BAL","2B,SS","392","56","8","45","9",".258",".342","101","20","3","50","99",".382",".724","65%"
"Anthony Rizzo","NYY","1B","467","66","22","68","4",".237",".311","111","20","1","50","111",".425",".736","38%"
"Bo Naylor","CLE","C","363","50","15","51","6",".227",".323","83","18","2","51","105",".408",".731","29%"
"Justin Turner","TOR","1B,2B,3B,DH","478","63","16","67","3",".255",".319","122","26","0","45","98",".410",".730","67%"
"Eugenio Suarez","ARI","3B","519","67","22","76","1",".231",".313","120","24","1","62","177",".408",".721","32%"
"Brandon Lowe","TB","2B","425","64","22","67","6",".237",".320","101","21","1","51","127",".452",".771","23%"
"Ryan McMahon","COL","2B,3B","518","71","22","72","6",".243",".323","126","26","2","61","170",".426",".750","32%"
"Jose Abreu","HOU","1B","525","67","18","76","1",".257",".316","135","27","1","46","123",".415",".732","35%"
"Jarred Kelenic","ATL","LF,CF,RF","384","54","14","54","12",".241",".315","93","22","2","41","120",".419",".733","22%"
"Josh Bell","MIA","1B,DH","530","70","21","73","1",".256",".339","136","26","1","67","118",".430",".769","38%"
"Giancarlo Stanton","NYY","RF,DH","397","54","26","70","0",".229",".309","91","14","0","46","132",".462",".771","55%"
"TJ Friedl","CIN","LF,CF","357","52","11","45","15",".254",".322","91","16","4","36","70",".416",".738","49%"
"Max Kepler","MIN","RF","467","68","21","67","4",".245",".323","115","24","2","54","106",".439",".762","22%"
"J.P. Crawford","SEA","SS","550","80","13","59","4",".255",".346","140","30","1","77","110",".386",".732","65%"
"Jose Siri","TB","CF","442","61","20","61","18",".221",".268","98","19","3","28","164",".413",".681","17%"
"Kris Bryant","COL","1B,RF,DH","470","68","18","62","3",".267",".336","126","27","1","49","111",".447",".783","27%"
"Bryan De La Cruz","MIA","LF,RF","514","62","18","68","4",".264",".314","136","28","1","38","126",".425",".739","10%"
"Jake Fraley","CIN","LF,RF,DH","392","56","17","60","18",".252",".334","99","20","1","48","97",".434",".768","13%"
"Tommy Edman","STL","2B,SS,CF,RF","398","58","10","44","21",".261",".311","104","21","3","29","71",".401",".713","51%"
"Alex Verdugo","NYY","RF","462","63","13","55","4",".264",".321","122","26","2","39","80",".412",".733","31%"
"Leody Taveras","TEX","CF","455","61","13","56","16",".255",".310","116","24","3","36","113",".405",".715","7%"
"Sal Frelick","MIL","CF,RF","485","66","8","53","15",".265",".331","129","25","4","48","78",".382",".713","18%"
"Luis Campusano","SD","C","406","49","14","55","1",".258",".307","105","19","1","29","77",".410",".717","23%"
"Zach Neto","LAA","SS","486","69","18","65","9",".248",".304","120","26","1","39","126",".418",".722","15%"
"Luis Rengifo","LAA","2B,3B,SS,RF","473","63","17","59","9",".256",".310","121","20","4","37","94",".418",".728","49%"
"Austin Hays","BAL","LF,CF","487","64","17","64","4",".256",".305","125","28","2","35","118",".424",".729","16%"
"Brent Rooker","OAK","LF,RF,DH","477","61","26","70","4",".228",".303","109","21","1","52","177",".437",".741","25%"
"MJ Melendez","KC","C,LF,RF","493","69","21","67","5",".240",".325","119","27","4","62","146",".436",".761","34%"
"Henry Davis","PIT","RF","396","52","14","53","9",".242",".323","96","19","2","48","108",".407",".730","15%"
"Ty France","SEA","1B","532","69","15","66","1",".263",".313","140","28","1","39","100",".405",".718","15%"
"Parker Meadows","DET","CF","471","62","13","51","14",".229",".297","108","21","5","46","129",".379",".676","16%"
"Junior Caminero","TB","3B,SS","263","35","11","40","3",".265",".317","70","10","1","20","60",".442",".759","39%"
"Matt McLain","CIN","2B,SS","315","50","14","46","12",".256",".330","81","18","2","35","100",".456",".786","78%"
"Tyler Stephenson","CIN","C,DH","368","48","11","49","1",".255",".324","94","18","1","38","104",".404",".728","8%"
"Whit Merrifield","PHI","2B,LF","365","47","7","41","16",".257",".304","94","19","1","25","68",".374",".678","26%"
"Jeff McNeil","NYM","2B,LF,RF","528","66","9","60","6",".279",".328","147","30","2","38","64",".398",".726","53%"
"Gavin Lux","LAD","2B,LF,OF","410","60","10","49","8",".259",".332","106","20","4","45","95",".395",".727","26%"
"Tim Anderson","MIA","SS","508","63","7","47","15",".278",".312","141","24","2","25","114",".373",".685","13%"
"Vaughn Grissom","BOS","SS","430","59","9","53","10",".281",".339","121","26","3","38","80",".418",".757","25%"
"Brendan Donovan","STL","1B,2B,LF,RF","428","63","10","49","6",".273",".350","117","21","2","51","76",".399",".748","14%"
"Nelson Velazquez","KC","LF,RF","361","49","19","53","7",".235",".297","85","17","1","32","121",".441",".738","8%"
"Will Benson","CIN","LF,RF","379","60","14","49","17",".224",".330","85","18","4","60","140",".407",".737","14%"
"Jake Cronenworth","SD","1B,2B","517","70","14","66","5",".247",".318","128","28","5","54","106",".405",".722","51%"
"Joey Meneses","WSH","1B,DH","510","57","16","68","1",".261",".308","133","27","1","34","118",".412",".719","10%"
"Colt Keith","DET","2B,3B","436","56","14","58","3",".253",".315","110","24","3","40","110",".416",".731","23%"
"Alejandro Kirk","TOR","C","333","41","10","44","0",".267",".345","89","16","0","39","43",".410",".754","10%"
"Jordan Westburg","BAL","2B,3B","391","53","13","51","6",".250",".310","98","21","2","35","106",".414",".724","24%"
"Tommy Pham","","LF,CF,RF,DH","359","51","12","45","12",".248",".324","89","18","2","40","97",".407",".731","3%"
"Andrew Benintendi","CWS","LF","532","70","10","55","12",".268",".336","143","29","2","54","92",".386",".722","15%"
"Shea Langeliers","OAK","C","393","46","18","53","3",".221",".280","87","18","2","32","123",".411",".691","5%"
"Jackson Merrill","SD","SS","437","53","10","51","9",".253",".295","110","23","2","26","78",".388",".683","31%"
"Matt Wallner","MIN","LF,RF","372","53","16","55","3",".230",".317","85","20","2","47","145",".421",".738","3%"
"Luke Raley","SEA","1B,LF,CF,RF","342","48","15","47","9",".229",".288","78","14","1","28","120",".414",".702","8%"
"Ceddanne Rafaela","BOS","SS,CF","449","60","13","57","18",".257",".291","115","25","4","22","112",".417",".708","28%"
"Joc Pederson","ARI","LF,DH","377","56","18","59","1",".253",".337","95","17","3","48","95",".456",".793","4%"
"Michael Busch","CHC","3B","350","48","13","47","2",".236",".312","83","18","1","38","108",".408",".720","8%"
"Mitch Haniger","SEA","LF,RF","437","58","20","63","1",".232",".295","102","20","1","39","125",".419",".714","11%"
"Charlie Blackmon","COL","RF,DH","458","63","11","55","4",".272",".330","125","24","5","40","84",".420",".750","6%"
"Jordan Lawlar","ARI","SS","229","34","6","26","11",".243",".308","56","11","2","22","65",".378",".686","8%"
"Alex Kirilloff","MIN","1B,LF,RF","350","46","13","50","2",".261",".321","91","18","1","31","91",".427",".748","5%"
"Noelvi Marte","CIN","3B","204","29","7","28","7",".265",".327","54","11","1","19","49",".423",".750","8%"
"Brendan Rodgers","COL","2B","498","64","15","66","0",".276",".326","138","28","3","37","106",".433",".759","5%"
"DJ LeMahieu","NYY","1B,2B,3B","463","61","12","50","3",".254",".333","118","19","2","55","98",".378",".711","17%"
"Brett Baty","NYM","3B","390","51","14","50","2",".241",".308","94","17","0","38","117",".392",".700","5%"
"Orlando Arcia","ATL","SS","464","61","16","61","2",".249",".309","116","21","0","40","99",".401",".710","8%"
"Brandon Marsh","PHI","LF,CF","438","59","12","55","12",".248",".327","109","22","4","51","152",".403",".730","4%"
"Michael Conforto","SF","LF,RF","423","57","15","58","3",".246",".331","104","20","0","54","108",".403",".734","3%"
"Hunter Renfroe","KC","1B,RF","412","53","18","59","1",".245",".305","101","24","0","36","99",".439",".744","10%"
"Yoan Moncada","CWS","3B","513","65","17","63","3",".250",".317","128","28","1","50","159",".410",".727","4%"
"Ryan Jeffers","MIN","C","315","42","15","44","2",".233",".308","73","14","1","34","100",".421",".729","4%"
"Willi Castro","MIN","2B,3B,LF,CF","367","52","9","40","20",".246",".297","90","18","3","26","96",".386",".683","6%"
"Wilmer Flores","SF","1B,3B,DH","334","45","14","48","0",".258",".327","86","16","1","34","56",".440",".766","11%"
"Ramon Laureano","CLE","CF,RF","431","58","15","55","13",".232",".295","100","23","2","39","130",".400",".695","1%"
"Kyle Manzardo","CLE","1B","311","41","12","44","1",".237",".319","74","19","1","37","75",".422",".741","4%"
"Amed Rosario","TB","2B,SS","338","44","6","38","9",".268",".305","90","16","4","18","66",".391",".695","5%"
"Harrison Bader","NYM","CF","377","50","11","44","19",".243",".291","92","17","2","26","81",".388",".679","3%"
"Alek Thomas","ARI","CF","453","60","11","55","10",".258",".307","117","23","5","32","97",".405",".711","3%"
"Masyn Winn","STL","SS","432","58","10","49","13",".245",".301","106","19","3","35","93",".372",".673","5%"
"Elias Diaz","COL","C","378","42","12","50","1",".252",".304","95","19","1","28","91",".406",".710","7%"
"Jake McCarthy","ARI","CF,RF","171","25","3","18","12",".254",".314","44","8","2","15","40",".381",".695","1%"
"Brice Turang","MIL","2B,SS","415","51","8","43","19",".240",".309","99","18","3","42","96",".355",".664","4%"
"Mark Canha","DET","1B,LF,RF,DH","435","60","12","54","7",".257",".335","112","23","2","51","87",".401",".736","8%"
"Brenton Doyle","COL","CF","452","57","14","53","19",".231",".273","105","19","4","26","163",".386",".659","2%"
"Ryan Noda","OAK","1B","449","64","18","55","6",".215",".326","97","21","1","74","176",".383",".709","3%"
"Victor Scott","STL","CF,OF","190","25","3","20","15",".246",".294","47","8","2","13","41",".350",".644","26%"
"Javier Baez","DET","SS","485","58","14","59","11",".240",".277","117","22","3","24","129",".387",".664","5%"
"Nolan Schanuel","LAA","1B","431","67","11","50","3",".262",".357","113","19","2","64","81",".396",".753","6%"
"Anthony Rendon","LAA","3B","409","57","13","55","3",".256",".346","105","23","1","56","80",".412",".758","3%"
"Ezequiel Duran","TEX","3B,SS,LF,DH","259","34","9","34","6",".252",".295","65","14","1","16","75",".423",".718","6%"
"Jesus Sanchez","MIA","LF,CF,RF","396","51","17","56","3",".248",".314","98","19","3","38","114",".436",".750","2%"
"Carlos Santana","MIN","1B","422","54","16","57","3",".229",".322","97","20","1","58","86",".393",".714","7%"
"Colton Cowser","BAL","LF,CF,RF","242","36","7","31","4",".235",".327","57","11","1","33","84",".374",".701","7%"
"Rowdy Tellez","PIT","1B,DH","357","43","17","55","1",".241",".316","86","16","1","39","85",".437",".753","1%"
"Austin Wells","NYY","C","294","38","12","43","4",".229",".299","67","15","1","29","83",".410",".709","5%"
"Ryan O'Hearn","BAL","1B,RF","351","45","15","54","3",".256",".302","90","17","1","23","92",".441",".743","2%"
"Chris Taylor","LAD","3B,SS,LF","339","49","12","46","11",".231",".311","78","17","2","39","122",".400",".711","7%"
"Johan Rojas","PHI","CF","336","44","6","35","21",".250",".289","84","16","3","18","80",".367",".656","6%"
"LaMonte Wade Jr.","SF","1B,LF","399","58","16","52","3",".243",".342","97","17","2","60","91",".412",".753","3%"
"Davis Schneider","TOR","2B","328","48","15","49","4",".231",".329","76","18","1","47","106",".431",".760","3%"
"Danny Jansen","TOR","C","268","39","15","45","1",".235",".304","63","14","0","26","63",".459",".763","4%"
"Garrett Mitchell","MIL","CF","324","43","9","37","13",".237",".304","77","14","2","31","111",".372",".676","3%"
"Harold Ramirez","TB","LF,RF,DH","277","34","7","38","3",".281",".317","78","15","1","15","53",".416",".734","4%"
"Pete Crow-Armstrong","CHC","CF","229","35","7","29","11",".247",".302","57","11","2","18","71",".403",".706","5%"
"Jon Berti","NYY","2B,3B,SS,LF","270","37","5","26","16",".253",".318","68","12","2","26","62",".360",".678","10%"
"Adam Duvall","ATL","CF,RF","241","33","14","39","2",".221",".274","53","11","1","18","83",".444",".719","3%"
"J.D. Davis","OAK","1B,3B","421","52","15","53","1",".240",".319","101","20","1","49","139",".396",".715","2%"
"Mickey Moniak","LAA","LF,CF,RF","385","47","16","50","6",".234",".271","90","18","4","19","130",".421",".692","1%"
"Luis Garcia","WSH","2B","430","54","11","51","7",".273",".314","117","23","3","26","69",".413",".727","2%"
"Elehuris Montero","COL","1B,3B","343","45","15","51","1",".251",".301","86","17","2","24","108",".447",".748","2%"
"Seth Brown","OAK","1B,LF,RF","432","53","20","63","6",".231",".295","100","22","2","39","128",".432",".727","2%"
"Michael Massey","KC","2B","372","45","12","48","6",".249",".294","92","20","1","24","88",".410",".704","1%"
"Andrew McCutchen","PIT","RF,DH","392","54","13","49","8",".241",".340","94","19","1","59","99",".390",".730","3%"
"Eddie Rosario","WSH","LF","352","42","13","47","5",".247",".297","87","17","2","25","81",".413",".710","1%"
"Patrick Bailey","SF","C","357","40","9","42","2",".228",".291","81","18","1","32","103",".361",".652","2%"
"Jake Rogers","DET","C","312","40","15","44","2",".213",".277","66","12","1","28","111",".404",".681","1%"
"Jose Caballero","TB","2B,SS","240","35","5","26","19",".224",".315","54","11","1","32","64",".344",".660","1%"
"Connor Wong","BOS","C","316","40","10","37","6",".235",".280","74","17","1","20","105",".393",".673","1%"
"Yan Gomes","CHC","C","332","38","10","43","1",".251",".289","83","16","1","17","71",".392",".680","2%"
"Wilyer Abreu","BOS","LF,CF","293","44","11","40","7",".243",".336","71","15","1","41","89",".412",".748","1%"
"Matt Vierling","DET","3B,LF,CF,RF","338","43","8","35","7",".256",".316","86","16","3","29","76",".387",".702","1%"
"Heston Kjerstad","BAL","DH,OF","172","23","6","22","1",".258",".307","44","9","1","12","44",".418",".725","2%"
"James Wood","WSH","CF,OF,RF","123","17","4","16","3",".227",".297","28","7","1","12","47",".402",".698","8%"
"Gary Sanchez","MIL","C","279","35","16","44","1",".212",".290","59","11","0","31","90",".421",".711","2%"
"Joey Gallo","WSH","1B,CF,LF,RF","334","48","21","50","3",".187",".305","62","11","1","57","152",".410",".715","2%"
"Geraldo Perdomo","ARI","2B,3B,SS","366","52","6","37","12",".237",".327","87","15","3","49","80",".341",".668","4%"
"Jasson Dominguez","NYY","CF","156","24","5","21","7",".240",".323","37","7","1","19","49",".396",".719","19%"
"Mike Yastrzemski","SF","LF,CF,RF","413","59","17","55","4",".230",".315","95","24","2","52","121",".420",".735","2%"
"Jesse Winker","WSH","DH,OF","279","36","9","35","1",".243",".347","68","13","0","45","64",".388",".735","1%"
"Rene Pinto","TB","C","338","36","13","44","2",".224",".262","76","17","1","18","114",".394",".656","0%"
"Luis Matos","SF","LF,CF,RF","224","29","5","25","6",".265",".318","59","12","1","18","31",".391",".710","2%"
"Cavan Biggio","TOR","1B,2B,3B,RF","330","48","10","39","6",".224",".322","74","16","1","47","102",".365",".686","3%"
"Jared Triolo","PIT","1B,2B,3B","360","46","5","38","10",".248",".324","90","20","2","40","103",".357",".681","2%"
"Liover Peguero","PIT","2B,SS","242","29","6","27","9",".241",".288","58","11","2","16","64",".373",".661","1%"
"Nick Senzel","WSH","3B,LF,CF,RF","358","45","9","38","8",".234",".295","84","16","1","31","82",".357",".652","1%"
"Travis d'Arnaud","ATL","C","288","37","11","41","0",".247",".299","71","15","1","21","73",".423",".722","3%"
"Joey Ortiz","MIL","2B","310","39","6","37","5",".254",".304","79","17","2","22","69",".389",".693","2%"
"Marco Luciano","SF","SS","256","31","8","30","3",".220",".294","56","11","1","27","88",".361",".655","1%"
"C.J. Cron","","1B","187","25","9","29","0",".244",".304","45","8","0","16","51",".436",".741","1%"
"Edward Olivares","PIT","LF,DH","263","35","8","32","8",".261",".309","69","14","2","18","52",".422",".731","0%"
"Tyler Black","MIL","2B,3B","151","24","4","19","9",".241",".336","36","8","2","22","40",".395",".731","2%"
"Jorge Mateo","BAL","SS","201","29","5","22","17",".233",".276","47","10","2","12","56",".375",".651","1%"
"Sean Bouchard","COL","RF","214","31","9","29","5",".251",".334","54","13","2","27","67",".450",".784","0%"
"Dylan Carlson","STL","CF,RF","285","39","8","36","3",".250",".325","71","16","2","32","65",".404",".730","1%"
"JJ Bleday","OAK","LF,CF,RF","407","52","15","49","5",".210",".309","86","20","2","58","116",".378",".688","1%"
"Freddy Fermin","KC","C","182","22","6","24","0",".251",".312","46","9","1","16","42",".405",".718","0%"
"Kevin Kiermaier","TOR","CF","367","49","7","40","11",".243",".300","89","18","4","30","93",".375",".675","1%"
"Miguel Vargas","LAD","2B","128","20","4","18","2",".246",".329","31","7","1","16","31",".405",".734","1%"
"Curtis Mead","TB","3B","163","21","4","21","2",".254",".318","41","10","1","16","37",".397",".716","1%"
"Michael A. Taylor","PIT","CF","365","45","13","44","9",".230",".286","84","14","1","29","118",".380",".666","1%"
"Kyle Isbel","KC","CF","376","51","9","43","12",".245",".299","92","21","3","29","86",".395",".694","0%"
"Mauricio Dubon","HOU","2B,SS,LF,CF","283","37","6","32","4",".260",".299","74","14","1","16","45",".383",".683","3%"
"Brayan Rocchio","CLE","3B,SS","383","49","7","42","10",".247",".305","95","22","2","32","78",".365",".670","1%"
"Josh Rojas","SEA","2B,3B","275","36","6","29","9",".234",".308","64","14","1","29","71",".350",".658","1%"
"Zach McKinstry","DET","2B,3B,SS,LF,RF","300","39","7","30","8",".237",".305","71","14","3","29","74",".377",".682","2%"
"Trent Grisham","NYY","CF","272","41","12","36","8",".216",".314","59","13","1","39","88",".402",".715","1%"
"Drew Waters","KC","CF,RF","177","25","5","20","7",".238",".304","42","9","2","17","61",".399",".703","0%"
"Jason Heyward","LAD","CF,RF","321","44","11","42","3",".246",".312","79","17","1","31","68",".410",".722","2%"
"Patrick Wisdom","CHC","1B,3B,OF","255","37","16","42","4",".209",".288","53","10","0","28","104",".442",".730","2%"
"Jonathan Aranda","TB","1B","211","29","7","30","1",".249",".326","53","11","1","24","60",".408",".733","1%"
"Adalberto Mondesi","","SS","169","23","5","18","15",".219",".261","37","7","2","10","58",".371",".632","1%"
"Dylan Crews","WSH","CF,OF","158","18","4","18","3",".225",".278","36","7","0","12","46",".349",".627","8%"
"Victor Robles","WSH","CF","318","41","6","31","15",".240",".296","76","16","2","25","80",".361",".657","0%"
"Estevan Florial","CLE","CF","277","38","9","34","12",".222",".302","62","14","2","32","104",".387",".690","0%"
"Will Brennan","CLE","LF,CF,RF","292","33","4","34","8",".270",".312","79","16","1","18","44",".380",".692","1%"
"Gio Urshela","DET","1B,3B,SS","304","34","7","36","2",".274",".318","83","15","2","19","58",".402",".720","1%"
"Hunter Goodman","COL","1B,RF","157","20","8","26","1",".249",".301","39","10","1","12","48",".471",".773","1%"
"Nick Fortes","MIA","C","275","33","8","31","4",".234",".287","64","11","1","20","55",".369",".656","0%"
"Tyrone Taylor","NYM","LF,CF,RF","271","36","11","37","6",".232",".276","63","14","2","17","70",".419",".696","0%"
"Christian Bethancourt","MIA","C","283","34","9","34","2",".242",".279","68","14","0","14","76",".393",".672","0%"
"Isiah Kiner-Falefa","TOR","3B,LF,CF","347","41","4","35","14",".255",".304","88","15","1","25","62",".343",".648","1%"
"Jo Adell","LAA","CF,RF","259","35","12","37","5",".223",".279","58","12","1","20","95",".423",".702","1%"
"Aaron Hicks","LAA","CF,LF,RF","350","49","10","39","7",".228",".328","80","13","1","52","97",".360",".688","1%"
"Brandon Belt","","1B,DH","269","39","14","39","1",".229",".332","61","13","1","41","99",".435",".766","3%"
"Stone Garrett","WSH","LF,RF","243","31","10","34","5",".234",".286","57","12","1","18","79",".417",".702","0%"
"Chase DeLauter","CLE","CF,OF,RF","100","11","2","11","1",".247",".291","25","5","0","6","19",".350",".641","5%"
"Oswald Peraza","NYY","2B,3B,SS","175","23","5","21","7",".238",".293","42","7","1","14","45",".382",".675","0%"
"Manuel Margot","MIN","CF,RF","303","38","6","35","9",".265",".315","80","17","2","22","54",".388",".703","0%"
"Kike Hernandez","LAD","1B,2B,3B,CF,LF,SS","288","37","9","37","2",".234",".295","68","16","1","25","63",".384",".679","5%"
"Ivan Herrera","STL","C","172","24","5","22","2",".241",".338","42","9","0","25","47",".371",".708","0%"
"Akil Baddoo","DET","LF","194","27","6","22","9",".234",".320","45","9","2","25","55",".388",".708","0%"
"Joey Wiemer","MIL","CF,RF","186","25","7","24","6",".223",".294","42","9","0","19","59",".389",".682","0%"
"Dominic Canzone","SEA","LF,RF","302","38","11","41","4",".245",".298","74","16","1","23","66",".415",".713","1%"
"Jake Meyers","HOU","CF","353","46","11","43","7",".236",".295","84","17","2","29","101",".384",".679","1%"
"Oscar Gonzalez","NYY","RF","94","10","3","11","0",".250",".279","24","5","0","4","23",".398",".677","0%"
"Connor Joe","PIT","1B,LF,RF","301","41","8","34","3",".241",".329","73","16","2","39","78",".392",".720","1%"
"Darell Hernaiz","OAK","2B,SS","271","32","4","27","6",".248",".297","67","14","1","19","52",".356",".653","0%"
"Tom Murphy","SF","C","183","24","8","24","1",".242",".315","44","9","0","19","58",".416",".731","0%"
"Paul DeJong","CWS","SS","317","37","13","40","4",".206",".264","65","13","0","25","105",".377",".641","1%"
"Tyler Soderstrom","OAK","C,1B","202","21","7","25","1",".212",".262","43","8","1","14","65",".367",".629","1%"
"Lawrence Butler","OAK","CF","364","43","11","42","9",".232",".288","84","17","2","29","106",".380",".668","1%"
"Myles Straw","CLE","CF","172","22","1","14","8",".248",".315","43","7","1","17","34",".312",".627","1%"
"Miguel Amaya","CHC","C","201","24","7","26","1",".223",".301","45","9","0","22","62",".374",".675","0%"
"Mark Vientos","NYM","1B,3B,DH","223","27","10","32","1",".234",".293","52","10","1","19","71",".421",".715","1%"
"Garrett Cooper","CHC","1B,DH","216","26","8","30","0",".250",".313","54","10","1","20","67",".412",".726","0%"
"Mike Tauchman","CHC","CF,RF","222","33","5","25","4",".239",".336","53","11","1","32","61",".362",".697","0%"
"Luis Urias","SEA","2B,3B","294","38","10","36","2",".225",".309","66","13","1","36","78",".377",".685","1%"
"Jurickson Profar","SD","LF","377","48","9","41","4",".236",".317","89","20","1","45","74",".365",".683","2%"
"Coby Mayo","BAL","1B,3B","101","13","3","13","1",".236",".312","24","5","0","11","31",".399",".711","4%"
"Christian Vazquez","MIN","C","267","29","5","29","2",".240",".290","64","12","0","19","59",".343",".634","1%"
"Randal Grichuk","ARI","CF,LF,RF","245","30","8","31","1",".248",".292","61","13","1","15","59",".407",".699","1%"
"Xavier Edwards","MIA","2B","112","16","1","11","5",".274",".339","31","5","1","11","17",".359",".698","0%"
"Dominic Fletcher","CWS","CF,RF","366","43","8","40","4",".236",".293","86","17","3","30","98",".363",".656","0%"
"Miguel Andujar","OAK","RF","209","24","6","26","3",".258",".307","54","11","1","15","34",".402",".709","0%"
"Kyle Farmer","MIN","2B,3B,SS","250","30","6","31","2",".245",".290","61","12","1","16","57",".376",".666","1%"
"Taylor Walls","TB","2B,3B,SS","239","32","6","25","11",".207",".301","49","11","1","32","70",".336",".637","0%"
"Alec Burleson","STL","1B,LF,RF,DH","158","19","5","21","1",".262",".312","41","8","0","12","27",".408",".720","1%"
"Adam Frazier","KC","2B,OF","303","39","5","32","7",".261",".317","79","16","2","25","44",".374",".691","1%"
"Jose Trevino","NYY","C","255","27","7","30","1",".237",".273","60","11","1","13","47",".362",".635","1%"
"Jiman Choi","NYM","1B,DH","86","11","3","12","0",".222",".322","19","4","0","13","29",".392",".714","0%"
"Matt Mervis","CHC","1B","82","10","3","12","0",".228",".305","19","4","0","9","24",".403",".709","0%"
"Joshua Palacios","PIT","LF,CF,RF","112","15","3","15","3",".257",".312","29","5","1","9","26",".405",".716","0%"
"Yasmani Grandal","PIT","C","223","25","6","26","0",".229",".326","51","9","0","32","55",".350",".676","0%"
"Richie Palacios","TB","LF,CF","175","23","4","21","4",".242",".321","42","10","1","20","35",".373",".694","1%"
"Blake Sabol","SF","C,LF","77","10","3","11","1",".230",".299","18","3","0","8","28",".381",".680","0%"
"Nick Gordon","MIA","2B,LF,CF","267","33","7","30","6",".250",".288","67","15","2","14","61",".398",".686","0%"
"Oscar Colas","CWS","CF,RF","117","14","4","12","1",".228",".276","27","5","0","8","34",".367",".643","1%"
"Colson Montgomery","CWS","SS","177","23","5","21","1",".232",".314","41","8","1","21","48",".363",".677","3%"
"Kyle Higashioka","SD","C","221","24","9","29","1",".220",".268","49","10","0","15","64",".392",".660","0%"
"Jake Bauers","MIL","1B,LF,RF","197","25","8","26","4",".216",".308","42","9","1","26","70",".398",".706","0%"
"Nicky Lopez","CWS","2B,3B,SS","344","42","2","26","11",".241",".306","83","13","2","32","60",".309",".615","1%"
"Nick Madrigal","CHC","2B,3B","210","26","1","20","5",".279",".318","59","10","2","12","23",".362",".680","0%"
"Gavin Sheets","CWS","1B,RF","238","26","9","32","1",".235",".301","56","10","0","22","55",".399",".699","0%"
"Avisail Garcia","MIA","LF,RF","289","33","10","36","4",".237",".288","69","12","1","21","89",".389",".677","0%"
"Brooks Lee","MIN","SS","132","16","3","16","1",".243",".302","32","8","1","11","29",".377",".679","2%"
"Tyler Wade","SD","SS","95","12","1","8","7",".223",".287","21","4","0","9","27",".305",".592","2%"
"Justin Foscue","TEX","1B,2B,3B","114","15","3","14","2",".228",".300","26","6","0","12","23",".370",".670","1%"
"Gabriel Arias","CLE","1B,3B,SS,RF","260","32","8","31","3",".234",".293","61","12","1","22","80",".384",".677","0%"
"Ramon Urias","BAL","1B,2B,3B","248","30","6","30","1",".247",".305","61","12","1","21","67",".381",".686","1%"
"Austin Meadows","","LF","67","9","3","10","1",".253",".327","17","4","0","7","14",".451",".778","0%"
"Blaze Alexander","ARI","2B,SS","85","10","2","9","1",".223",".288","19","4","1","8","30",".343",".632","1%"
"Joey Votto","TOR","1B","182","22","7","25","0",".208",".300","38","8","1","24","59",".377",".677","1%"
"Victor Caratini","HOU","C","217","25","6","27","1",".237",".305","51","8","0","22","52",".365",".670","0%"
"Jose Miranda","MIN","3B","121","15","4","16","0",".254",".304","31","6","0","9","23",".400",".704","0%"
"Ji Hwan Bae","PIT","2B,CF","216","31","3","21","13",".248",".315","54","11","2","21","54",".351",".666","1%"
"Jonny DeLuca","TB","LF,CF,RF","153","20","6","21","4",".232",".292","35","8","1","13","36",".410",".702","0%"
"Austin Slater","SF","LF,CF","203","29","6","23","6",".249",".329","51","9","1","24","63",".393",".722","0%"
"Oswaldo Cabrera","NYY","2B,3B,SS,LF,RF","137","18","5","17","4",".228",".289","31","7","0","12","38",".381",".670","2%"
"Andy Ibanez","DET","2B,3B,LF,RF","249","30","7","30","2",".253",".307","63","14","1","19","48",".397",".705","1%"
"Jose Azocar","SD","CF,RF","231","27","4","22","12",".236",".275","55","10","2","12","61",".341",".616","1%"
"Carson Kelly","DET","C","231","27","7","26","1",".222",".297","51","11","0","24","58",".359",".655","0%"
"Nick Pratto","KC","1B,LF","220","28","7","27","2",".214",".297","47","11","1","26","86",".376",".673","0%"
"Joey Loperfido","HOU","2B,CF,OF,RF","42","5","1","5","1",".229",".301","10","2","0","4","13",".372",".674","0%"
"Justyn-Henry Malloy","DET","3B,LF,OF","64","10","2","9","0",".236",".349","15","3","0","11","22",".389",".738","1%"
"Rob Refsnyder","BOS","LF,CF,RF","143","21","3","17","3",".260",".344","37","8","0","18","38",".388",".731","0%"
"Kevin Pillar","CWS","LF,RF","125","16","5","17","2",".233",".270","29","6","0","6","30",".409",".679","0%"
"Tyler Freeman","CLE","2B,3B,SS","261","34","4","31","7",".267",".316","70","13","1","19","43",".376",".692","0%"
"Kyle Stowers","BAL","RF","47","6","2","6","0",".219",".296","10","2","0","5","16",".389",".685","0%"
"Orelvis Martinez","TOR","2B,3B,SS","120","15","6","17","1",".217",".286","26","6","0","12","37",".410",".695","1%"
"Santiago Espinal","CIN","2B,3B,SS","220","27","3","24","4",".268",".324","59","12","0","18","36",".374",".698","1%"
"Trey Lipscomb","WSH","3B","119","12","2","13","1",".241",".270","29","6","0","5","26",".348",".618","0%"
"Cade Marlowe","SEA","LF","112","14","3","13","5",".212",".275","24","5","1","10","39",".355",".631","0%"
"Enmanuel Valdez","BOS","2B","149","21","6","21","2",".243",".313","36","8","1","15","40",".422",".735","0%"
"Nick Ahmed","SF","SS","275","29","5","27","5",".226",".277","62","14","2","19","69",".343",".620","0%"
"Graham Pauley","SD","3B","201","27","6","26","4",".245",".304","49","11","1","17","47",".403",".707","1%"
"David Peralta","CHC","LF,RF","118","14","3","15","1",".260",".310","31","7","1","9","25",".395",".705","1%"
"Ronny Mauricio","NYM","2B,3B","29","3","1","4","1",".247",".290","7","1","0","2","7",".408",".698","1%"
"Evan Longoria","","3B,DH","156","20","7","22","0",".229",".298","36","7","0","15","51",".413",".712","1%"
"Everson Pereira","NYY","LF","49","8","2","8","1",".227",".288","11","2","0","4","19",".394",".682","0%"
"Donovan Solano","","1B,2B,3B","257","29","4","27","0",".269",".325","69","14","0","22","61",".378",".703","2%"
"Jakob Marsee","SD","CF,OF","179","27","5","21","7",".229",".321","41","8","1","24","47",".358",".679","0%"
"Nick Loftin","KC","1B,2B","167","22","4","20","3",".253",".308","42","8","1","13","31",".382",".690","0%"
"Andruw Monasterio","MIL","2B,3B,SS","182","24","3","20","4",".244",".320","44","9","1","20","47",".359",".679","0%"
"Daniel Vogelbach","TOR","DH","76","11","4","13","0",".227",".344","17","3","0","14","24",".414",".759","1%"
"DJ Stewart","NYM","RF","108","15","5","16","0",".210",".299","23","4","0","14","36",".397",".696","0%"
"Matt Thaiss","LAA","C","166","21","5","20","1",".215",".306","36","6","0","22","49",".355",".661","0%"
"Josh Donaldson","","3B","87","12","5","13","1",".224",".315","20","4","0","12","26","0","0","1%"
"Brandon Crawford","STL","SS","187","23","6","25","2",".233",".300","43","8","1","18","49",".376",".677","0%"
"Jace Jung","DET","2B","57","8","2","8","0",".226",".314","13","2","0","7","20",".371",".685","1%"
"Elvis Andrus","","2B,SS","102","13","2","12","3",".255",".300","26","5","0","7","19",".368",".669","6%"
"Vidal Brujan","MIA","2B","184","26","4","19","11",".235",".298","43","9","1","17","41",".357",".655","0%"
"Trevor Larnach","MIN","LF,RF","165","23","6","24","1",".225",".316","37","8","1","22","63",".394",".710","0%"
"Luke Maile","CIN","C","180","21","5","22","1",".231",".299","42","10","0","17","54",".373",".672","0%"
"Eric Haase","MIL","C,LF","91","11","3","12","1",".219",".274","20","4","0","7","31",".370",".644","0%"
"Martin Maldonado","CWS","C","239","25","9","27","0",".190",".256","45","8","0","21","87",".337",".593","0%"
"Jordan Diaz","OAK","1B,2B,3B","96","10","3","12","0",".246",".289","24","5","0","6","21",".390",".679","0%"
"Stuart Fairchild","CIN","LF,CF,RF","198","27","7","25","6",".228",".295","45","10","1","19","64",".390",".685","0%"
"Kolten Wong","","2B","116","15","3","12","4",".233",".292","27","5","1","10","25",".362",".654","7%"
"James McCann","BAL","C","173","20","5","20","2",".234",".281","40","7","0","11","49",".363",".643","0%"
"Jacob Young","WSH","CF","87","12","1","9","5",".250",".306","22","4","1","7","18",".336",".642","0%"
"Omar Narvaez","NYM","C","183","21","4","19","0",".235",".311","43","8","1","20","42",".352",".663","0%"
"Bobby Dalbec","BOS","1B","145","20","7","22","2",".219",".289","32","5","1","14","62",".413",".702","0%"
"Connor Norby","BAL","2B,LF","32","4","1","4","1",".250",".310","8","2","0","3","8",".379",".689","1%"
"Romy Gonzalez","BOS","2B,OF","61","8","2","7","2",".226",".272","14","3","0","4","21",".377",".648","0%"
"Andrew Knizner","TEX","C","138","17","5","17","1",".225",".282","31","6","0","11","37",".370",".652","0%"
"Dylan Moore","SEA","2B,SS,LF","184","27","7","22","12",".208",".292","38","9","1","22","65",".379",".671","0%"
"Owen Miller","MIL","1B,2B,3B","125","15","2","14","2",".249",".299","31","7","0","9","28",".368",".667","0%"
"Dairon Blanco","KC","LF,CF,RF","131","20","3","15","14",".253",".307","33","6","1","10","36",".376",".683","0%"
"Thomas Saggese","STL","2B,3B","70","10","2","10","1",".251",".303","17","4","0","5","21",".404",".707","1%"
"Mike Ford","","1B,DH","117","15","6","17","0",".219",".302","26","5","0","14","34",".408",".710","1%"
"Garrett Hampson","KC","2B,SS,LF,CF,RF","168","22","2","16","6",".242",".305","41","8","1","15","46",".345",".649","0%"
"Luisangel Acuna","NYM","2B,SS","32","4","1","3","2",".241",".297","8","1","0","3","7",".341",".639","3%"
"Jacob Hurtubise","CIN","CF,LF,OF,RF","23","3","0","2","1",".250",".332","6","1","0","3","5",".331",".664","0%"
"David Fry","CLE","C,1B,RF","142","17","4","18","1",".233",".291","33","8","1","12","38",".391",".682","1%"
"Riley Adams","WSH","C","150","17","5","19","0",".220",".287","33","8","1","14","53",".382",".669","0%"
"Robbie Grossman","CWS","DH,LF,RF","175","24","5","21","3",".225",".326","39","8","1","26","52",".371",".697","3%"
"Matt Shaw","CHC","2B,SS","60","8","2","7","3",".255",".293","15","3","0","3","13",".404",".697","1%"
"Ernie Clement","TOR","2B,SS","142","17","2","16","2",".259",".302","37","7","1","9","16",".371",".674","0%"
"Sam Huff","TEX","C","63","9","3","10","0",".230",".299","14","3","0","6","24",".427",".726","0%"
"Miguel Rojas","LAD","SS","231","28","4","25","5",".254",".300","59","12","1","15","33",".363",".663","0%"
"Reese McGuire","BOS","C","219","23","2","20","2",".246",".290","54","12","1","13","55",".346",".636","0%"
"Nick Gonzales","PIT","2B,SS","99","13","2","12","1",".230",".302","23","5","1","10","34",".363",".664","0%"
"Jacob Stallings","COL","C","177","19","3","20","0",".241",".312","43","9","0","18","45",".350",".662","0%"
"Michael Toglia","COL","1B,RF","204","25","8","26","2",".223",".293","45","10","1","20","67",".394",".687","0%"
"Jake Cave","COL","1B,LF,RF","173","23","6","23","2",".253",".312","44","10","2","15","50",".427",".738","0%"
"Jean Segura","","2B,3B","145","17","3","14","4",".253",".304","37","5","1","11","24",".359",".662","8%"
"Korey Lee","CWS","C","137","15","4","15","3",".211",".258","29","6","0","9","44",".339",".597","0%"
"Casey Schmitt","SF","2B,3B,SS","84","10","2","10","1",".236",".282","20","4","0","5","22",".364",".646","0%"
"Austin Barnes","LAD","C","147","18","4","16","2",".215",".290","32","6","0","16","37",".332",".622","0%"
"Wil Myers","","1B,LF,RF","83","10","3","10","1",".226",".292","19","4","0","8","27",".372",".664","5%"
"Jared Walsh","TEX","1B,RF","106","13","4","14","0",".217",".285","23","5","0","10","39",".384",".669","0%"
"Max Stassi","CWS","C","208","24","7","23","0",".208",".285","43","8","1","22","70",".356",".641","0%"
"Owen Caissie","CHC","OF,RF","15","2","0","2","0",".222",".304","3","1","0","2","6",".348",".652","1%"
"Raimel Tapia","","LF,CF,RF","122","15","2","12","5",".246",".301","30","5","1","10","28",".350",".651","0%"
"Dominic Smith","","1B","149","17","4","18","1",".254",".314","38","8","0","13","30",".381",".695","1%"
"Abraham Toro","OAK","1B,2B,3B","190","23","5","22","3",".233",".300","44","10","1","18","41",".373",".672","0%"
"Edmundo Sosa","PHI","3B,SS","178","23","5","21","4",".247",".277","44","8","1","7","46",".392",".669","0%"
"Joey Wendle","NYM","SS","228","26","3","22","6",".238",".276","54","13","2","12","51",".345",".621","0%"
"Emmanuel Rivera","ARI","1B,3B","156","21","5","20","1",".253",".310","40","8","1","13","36",".406",".716","0%"
"Nick Allen","OAK","SS","304","33","4","26","8",".235",".288","71","14","2","23","57",".330",".617","0%"
"Josh H. Smith","TEX","3B,SS,LF","119","17","3","14","2",".231",".315","28","6","1","15","32",".369",".684","0%"
"Francisco Mejia","TB","C","57","6","2","7","0",".234",".267","13","3","0","3","14",".375",".642","0%"
"Jace Peterson","ARI","2B,3B","135","17","3","15","5",".232",".315","31","5","1","16","37",".349",".664","0%"
"Matt Carpenter","STL","1B,DH","153","20","6","21","1",".209",".317","32","8","1","24","51",".382",".698","0%"
"Garrett Stubbs","PHI","C","98","13","2","10","2",".219",".297","21","4","1","11","26",".331",".627","0%"
"Samad Taylor","SEA","2B,LF","57","9","1","7","4",".227",".316","13","3","0","7","19",".357",".672","0%"
"Brennen Davis","CHC","LF,OF,RF","23","2","1","2","0",".197",".266","5","1","0","2","7",".334",".600","0%"
"Ben Rice","NYY","C","37","5","1","6","1",".248",".324","9","2","0","4","9",".414",".738","0%"
"Jonatan Clase","SEA","CF,OF","38","5","1","4","3",".205",".281","8","2","0","4","13",".341",".622","0%"
"Seby Zavala","SEA","C","124","13","4","13","1",".188",".253","23","5","0","11","51",".321",".573","0%"
"Tony Kemp","BAL","2B,LF","85","11","1","8","3",".244",".319","21","4","0","9","12",".335",".654","0%"
"Yuli Gurriel","","1B","133","15","3","15","1",".256",".305","34","8","0","9","19",".379",".685","1%"
"Spencer Jones","NYY","CF,OF","38","4","1","3","3",".216",".279","8","1","0","3","12",".356",".635","4%"
"Austin Hedges","CLE","C","182","18","4","18","1",".195",".248","35","6","0","13","51",".296",".545","0%"
"Aledmys Diaz","OAK","1B,2B,3B,SS,LF","177","18","4","19","1",".238",".282","42","10","0","11","36",".367",".649","0%"
"Carter Kieboom","WSH","3B","125","15","4","14","0",".226",".297","28","5","0","13","34",".361",".658","0%"
"Alex Call","WSH","LF,CF,RF","91","11","3","9","2",".216",".306","20","4","0","12","20",".359",".664","0%"
"Luken Baker","STL","1B,DH","41","5","2","6","0",".221",".301","9","2","0","5","12",".387",".687","0%"
"Miguel Sano","LAA","1B","128","18","8","20","1",".213",".297","27","5","0","15","52",".440",".737","0%"
"Deyvison De Los Santos","ARI","1B,3B","83","9","2","9","0",".237",".273","20","4","0","4","25",".355",".628","0%"
"AJ Pollock","","CF,DH,LF,RF","58","7","2","8","1",".243",".292","14","3","0","4","13",".413",".705","1%"
"Eguy Rosario","SD","3B","108","14","3","13","3",".231",".295","25","6","1","10","30",".373",".668","0%"
"Travis Jankowski","TEX","LF,CF,RF","139","19","1","12","8",".245",".336","34","6","1","19","29",".319",".655","0%"
"Lenyn Sosa","CWS","2B,3B","154","17","5","19","1",".240",".276","37","7","0","8","39",".393",".669","0%"
"Brian Anderson","SEA","3B,LF,RF","116","14","4","14","1",".224",".301","26","5","1","13","36",".368",".669","3%"
"Corey Julks","HOU","LF","99","15","3","13","4",".234",".300","23","5","0","9","28",".378",".679","0%"
"Alexander Canario","CHC","DH,OF,RF","90","12","4","13","2",".225",".287","20","4","0","8","32",".407",".694","0%"
"Joey Bart","SF","C","57","6","2","6","0",".213",".273","12","2","0","5","20",".343",".616","0%"
"Tucker Barnhart","ARI","C","113","11","1","10","0",".216",".284","24","4","0","11","35",".292",".576","0%"
"Eduardo Escobar","","2B,3B","78","9","3","10","0",".229",".282","18","4","1","6","20",".387",".668","2%"
"Ben Rortvedt","TB","C","125","15","4","15","1",".205",".279","26","5","0","13","41",".339",".618","0%"
"Jeferson Quero","MIL","C","20","2","1","2","0",".226",".286","5","1","0","2","5",".372",".658","1%"
"Pablo Reyes","BOS","2B,SS","112","14","2","13","3",".249",".310","28","6","0","10","22",".377",".687","0%"
"Adael Amador","COL","2B,SS","28","4","1","3","1",".270",".341","8","1","0","3","5",".416",".757","1%"
"Jason Delay","PIT","C","82","9","1","8","0",".221",".275","18","4","0","6","23",".315",".590","0%"
"Jake Alu","WSH","2B,LF","97","12","2","12","3",".251",".307","24","5","0","8","22",".369",".676","0%"
"Addison Barger","TOR","3B,OF,RF,SS","50","6","2","6","0",".232",".297","12","3","0","5","15",".394",".691","0%"
"Sam Hilliard","COL","CF","51","7","2","6","1",".218",".292","11","2","0","5","19",".419",".710","0%"
"Harold Castro","","1B,2B,3B,CF,SS","148","15","2","16","0",".262",".293","39","7","0","6","34",".352",".644","1%"
"Trey Mancini","","1B,LF,RF,DH","155","20","5","20","0",".240",".309","37","7","0","15","46",".380",".689","2%"
"Cal Mitchell","SD","LF,RF","59","6","1","7","1",".234",".287","14","3","0","4","17",".358",".645","0%"
"Mike Zunino","","C","11","1","1","1","0",".186",".251","2","0","0","1","4",".373",".624","1%"
"Otto Lopez","SF","2B,LF,SS","30","4","0","3","1",".254",".307","8","1","0","2","6",".347",".654","0%"
"Juan Yepez","WSH","1B,LF,RF","42","5","2","6","0",".228",".283","10","2","0","3","11",".421",".704","1%"
"Andy Pages","LAD","CF,OF,RF","30","4","1","4","0",".224",".300","7","2","0","3","9",".403",".703","1%"
"Mike Moustakas","","1B,3B","93","10","3","11","0",".218",".277","20","4","0","8","25",".372",".649","2%"
"Drew Gilbert","NYM","CF,OF,RF","30","4","1","3","1",".215",".314","6","1","0","4","8",".342",".656","1%"
"Forrest Wall","ATL","LF,OF","65","9","1","6","6",".228",".295","15","3","0","6","20",".314",".609","0%"
"Austin Wynns","CIN","C","56","6","1","6","0",".222",".284","12","2","0","5","15",".313",".597","0%"
"Brett Sullivan","SD","C","57","6","1","6","1",".229",".285","13","3","0","4","10",".334",".619","0%"
"Bryan Ramos","CWS","3B","37","5","1","4","1",".230",".303","9","2","0","4","9",".386",".690","0%"
"Curt Casali","","C","54","6","1","6","0",".200",".286","11","2","0","6","17",".318",".604","0%"
"Austin Martin","MIN","2B,LF,OF,SS","33","4","0","3","1",".222",".306","7","1","0","4","8",".292",".598","0%"
"Michael Stefanic","LAA","2B,3B","69","8","1","7","1",".263",".333","18","3","0","7","9",".346",".679","0%"
"Ildemaro Vargas","WSH","2B,3B,SS,LF","189","20","3","19","2",".245",".290","46","10","1","12","23",".349",".640","0%"
"Tyler Naquin","","LF,RF","95","10","3","11","1",".221",".271","21","4","1","6","31",".373",".644","0%"
"Carlos Perez","OAK","1B,C","61","7","2","7","0",".210",".272","13","2","0","5","14",".370",".641","0%"
"Cristian Pache","PHI","LF,CF","154","19","4","17","3",".223",".286","34","7","1","14","47",".355",".641","0%"
"David Fletcher","ATL","2B,SS","84","9","0","8","1",".262",".301","22","4","0","5","8",".325",".626","0%"
"Troy Johnston","MIA","1B","70","9","2","9","1",".244",".306","17","3","0","6","17",".381",".687","0%"
"Nick Maton","BAL","2B,3B","64","8","2","8","1",".214",".298","14","3","0","8","19",".352",".650","0%"
"Alex Jackson","TB","C","74","8","3","10","0",".204",".257","15","3","0","5","26",".377",".634","0%"
"Kole Calhoun","","1B,LF,RF","95","11","3","13","0",".219",".282","21","4","0","8","26",".369",".652","1%"
"Ryan Bliss","SEA","2B,SS","44","5","1","4","2",".216",".269","9","2","0","3","12",".332",".601","0%"
"Chad Wallach","LAA","C","49","5","2","5","0",".188",".259","9","2","0","5","17",".334",".593","0%"
"Austin Nola","KC","C","40","4","1","4","0",".241",".311","10","2","0","4","8",".333",".644","0%"
"Roberto Perez","BOS","C","45","5","2","5","0",".202",".286","9","1","0","5","17",".337",".623","0%"
"Corey Dickerson","","LF,RF","108","12","2","12","1",".255",".296","28","6","1","6","22",".384",".679","0%"
"Braden Shewmake","CWS","2B,SS","187","22","5","20","5",".219",".264","41","9","1","12","47",".349",".613","0%"
"Coco Montes","COL","2B","19","2","0","2","0",".236",".291","5","1","0","1","6",".366",".657","0%"
"Jonathan Schoop","","2B,3B","107","12","3","12","1",".232",".275","25","5","0","6","26",".362",".637","0%"
"Drew Romo","COL","C","39","5","1","4","1",".252",".295","10","2","0","2","9",".386",".680","0%"
"Jose Herrera","ARI","C","55","6","0","5","0",".213",".290","12","2","0","6","14",".281",".571","0%"
"Jacob Amaya","MIA","SS","53","6","1","5","1",".220",".301","12","2","0","6","13",".333",".634","0%"
"Spencer Horwitz","TOR","1B,DH","51","6","1","6","0",".252",".339","13","3","0","7","11",".377",".715","0%"
"Weston Wilson","PHI","LF,OF","30","4","1","3","1",".198",".276","6","1","0","3","10",".350",".626","0%"
"Alan Trejo","COL","2B,3B,SS","140","17","4","17","2",".246",".289","34","8","1","8","36",".399",".688","0%"
"Osleivis Basabe","TB","3B,SS","30","4","0","3","1",".258",".305","8","2","0","2","6",".350",".655","0%"
"Matt Duffy","","1B,2B,3B","103","11","1","9","1",".244",".297","25","4","0","8","23",".316",".613","0%"
"Manny Pina","","C","39","5","2","5","0",".221",".283","9","2","0","3","9",".381",".664","0%"
"Rougned Odor","","2B,RF","110","14","4","14","1",".217",".283","24","5","0","10","30",".379",".662","0%"
"Rafael Marchan","PHI","C","35","4","0","4","0",".236",".297","8","2","0","3","6",".318",".615","0%"
"Rodolfo Castro","PHI","2B,3B,SS","50","6","2","6","1",".215",".278","11","2","0","4","16",".385",".663","0%"
"Keston Hiura","DET","1B,2B,LF","60","8","3","9","1",".229",".294","14","3","0","6","22",".409",".703","0%"
"Roman Anthony","BOS","CF,OF","18","3","0","2","0",".258",".350","5","1","0","3","5",".388",".738","1%"
"Jon Singleton","HOU","1B","141","18","5","18","0",".203",".310","29","6","0","22","47",".363",".673","0%"
"Sam Haggerty","SEA","2B,LF","89","12","2","9","6",".236",".306","21","5","0","9","23",".356",".662","0%"
"Ali Sanchez","PIT","C","25","3","0","3","0",".230",".287","6","1","0","2","6",".320",".607","0%"
"Brian Serven","TOR","C","47","4","1","5","0",".188",".237","9","2","0","3","15",".301",".537","0%"
"Drew Millas","WSH","C","31","3","0","3","0",".239",".311","7","1","0","3","7",".315",".626","0%"
"Nick Martini","CIN","LF","126","17","4","17","0",".238",".316","30","5","1","14","35",".394",".710","2%"
"Josh Harrison","","2B,3B","74","8","1","8","1",".243",".282","18","4","0","4","15",".354",".636","0%"
"Wade Meckler","SF","CF","41","5","0","4","1",".261",".339","11","2","0","5","10",".354",".692","0%"
"Pedro Pages","STL","C","28","3","1","3","0",".218",".281","6","1","0","2","8",".350",".631","0%"
"Tyler Heineman","BOS","C","28","3","0","2","0",".222",".293","6","1","0","3","6",".292",".585","0%"
"Matthew Batten","SD","2B,3B","96","11","1","8","4",".212",".288","20","4","0","10","29",".297",".585","0%"
"Cam Gallagher","PHI","C","67","5","1","6","0",".185",".229","12","3","0","4","20",".265",".494","0%"
"Luis Guillorme","ATL","2B,3B","119","14","1","11","1",".251",".331","30","5","1","14","24",".335",".667","0%"
"Michael Perez","BAL","C","29","3","1","3","0",".181",".251","5","1","0","3","9",".292",".544","0%"
"Trey Cabbage","HOU","1B,OF,RF","21","3","1","3","1",".217",".279","4","1","0","2","8",".417",".696","0%"
"Tyler Nevin","BAL","1B,3B,OF","38","5","1","5","0",".239",".307","9","2","0","4","9",".363",".670","0%"
"Tucupita Marcano","SD","2B,SS","61","7","1","6","1",".238",".298","15","3","0","5","12",".342",".640","0%"
"Tomas Nido","NYM","C","18","2","0","2","0",".212",".248","4","1","0","1","5",".289",".538","0%"
"Austin Shenton","TB","1B,3B","39","5","1","5","0",".228",".316","9","3","0","5","14",".387",".703","0%"
"Willie Calhoun","LAA","DH,RF","64","8","2","7","0",".231",".299","15","3","0","6","10",".370",".668","0%"
"Sandy Leon","","C","44","4","1","4","0",".187",".259","8","2","0","4","14",".281",".541","0%"
"Dillon Dingler","DET","C","24","3","1","3","0",".212",".272","5","1","0","2","8",".359",".631","0%"
"Jordyn Adams","LAA","CF,OF,RF","34","4","1","3","2",".206",".268","7","1","0","3","12",".312",".580","0%"
"Jair Camargo","MIN","C","22","2","1","3","0",".214",".258","5","1","0","1","8",".386",".644","0%"
"Michael Chavis","SEA","1B,2B,3B","96","11","3","11","1",".221",".264","21","4","0","6","32",".364",".628","0%"
"Zack Short","NYM","2B,3B,SS","68","8","2","8","1",".191",".292","13","3","0","10","23",".330",".622","0%"
"Luis Torrens","NYY","C,DH","94","10","3","12","0",".227",".282","21","4","0","7","28",".369",".651","0%"
"Kyren Paris","LAA","SS","27","4","1","2","2",".220",".314","6","1","0","4","10",".332",".646","0%"
"Jesus Aguilar","","1B","80","8","3","10","0",".222",".285","18","3","0","7","21",".365",".650","1%"
"Rob Brantly","TB","C","32","3","0","3","0",".216",".270","7","1","0","2","6",".304",".574","0%"
"Cesar Salazar","HOU","C","23","3","0","2","0",".207",".265","5","1","0","2","6",".309",".575","0%"
"Brady House","WSH","3B,SS","40","4","1","5","0",".242",".278","10","2","0","2","12",".349",".627","1%"
"Kyle McCann","OAK","C","24","2","1","3","0",".180",".244","4","1","0","2","10",".332",".576","0%"
"Luke Voit","","1B","72","9","3","10","0",".213",".293","15","3","0","8","26",".386",".679","0%"
"Logan Porter","KC","C","23","3","0","2","0",".217",".305","5","1","0","3","7",".313",".617","0%"
"Donny Sands","DET","C","25","2","0","2","0",".215",".282","5","1","0","2","6",".308",".590","0%"
"Tyler Gentry","KC","OF,RF","76","9","2","9","1",".240",".314","18","4","0","8","21",".366",".681","0%"
"Blake Perkins","MIL","LF,CF,RF","109","14","3","12","3",".216",".305","23","5","1","14","34",".348",".653","0%"
"Paul McIntosh","MIA","C","16","2","1","2","0",".217",".284","4","1","0","2","5",".370",".654","0%"
"Chadwick Tromp","ATL","C","21","2","1","2","0",".204",".276","4","1","0","2","5",".339",".615","0%"
"Jackie Bradley Jr.","","CF,RF","62","7","1","6","1",".201",".254","12","3","0","4","18",".306",".560","0%"
"Tyler Fitzgerald","SF","SS,CF","88","11","3","10","3",".219",".272","19","4","1","6","29",".366",".637","0%"
"Hunter Feduccia","LAD","C","11","1","0","1","0",".205",".286","2","0","0","1","3",".317",".603","0%"
"Brett Phillips","CWS","CF,RF","74","9","2","7","3",".174",".262","13","2","0","9","34",".312",".574","0%"
"Israel Pineda","WSH","C","15","1","0","2","0",".202",".255","3","1","0","1","4",".338",".593","0%"
"Rece Hinds","CIN","OF,RF","18","2","1","3","0",".220",".266","4","1","0","1","7",".383",".649","0%"
"Andrew Knapp","TEX","1B,C","11","1","0","1","0",".202",".262","2","0","0","1","4",".314",".576","0%"
"Dane Myers","MIA","CF","104","13","3","13","3",".254",".303","26","4","0","7","28",".390",".693","0%"
"Taylor Trammell","SEA","LF","65","8","3","8","2",".202",".290","13","3","0","8","23",".365",".655","0%"
"Miles Mastrobuoni","CHC","2B,3B,RF","67","9","1","6","3",".251",".330","17","3","0","8","17",".356",".687","0%"
"Payton Henry","TOR","C","9","1","0","1","0",".219",".269","2","0","0","1","3",".334",".603","0%"
"Dustin Harris","TEX","1B,LF,OF","23","3","1","3","1",".233",".316","5","1","0","3","7",".368",".685","0%"
"Damiano Palmegiani","TOR","1B,3B","38","4","1","5","0",".206",".286","8","2","0","4","12",".366",".653","0%"
"Anthony Bemboom","DET","C","19","2","0","1","0",".192",".264","4","1","0","2","5",".268",".532","0%"
"Juan Brito","CLE","2B,3B,SS","39","5","1","5","1",".242",".322","9","2","0","5","8",".365",".687","0%"
"Hanser Alberto","","2B,3B","89","10","2","10","1",".255",".279","23","5","1","3","13",".379",".658","0%"
"Blake Hunt","SEA","C","16","2","1","2","0",".201",".255","3","1","0","1","5",".358",".613","0%"
"Jorge Alfaro","","C,DH","54","6","1","6","1",".235",".271","13","2","0","3","18",".358",".630","0%"
"Kyle Lewis","","DH","57","7","2","8","0",".236",".312","13","2","0","6","17",".395",".706","0%"
"Tim Locastro","SD","LF","40","5","1","3","2",".207",".252","8","2","0","2","11",".319",".571","0%"
"Brad Miller","SD","3B,DH,LF","89","11","3","11","1",".204",".287","18","3","0","10","28",".352",".639","0%"
"Jose Rodriguez","CWS","2B,SS","85","10","3","10","3",".236",".270","20","4","0","4","18",".378",".649","0%"
"J.P. Martinez","ATL","LF,OF","35","5","1","4","2",".217",".296","8","1","0","4","13",".320",".615","0%"
"Pedro Leon","HOU","2B,CF,OF","38","4","1","4","2",".191",".279","7","2","0","5","14",".322",".601","0%"
"Kevin Alcantara","CHC","CF,OF","54","7","1","7","2",".250",".311","14","2","1","5","15",".387",".698","1%"
"Darin Ruf","","1B,LF,RF,DH","51","7","2","7","0",".222",".317","11","2","0","7","17",".387",".704","0%"
"Tommy La Stella","","DH","71","8","1","7","0",".238",".300","17","4","0","6","12",".355",".655","0%"
"Jordan Luplow","PHI","LF,RF","44","6","2","6","1",".214",".300","9","2","0","5","12",".414",".714","0%"
"Oscar Mercado","SD","LF,RF","47","5","1","5","2",".221",".274","10","2","0","3","11",".358",".632","0%"
"Brett Wisely","SF","2B,CF","38","5","1","4","1",".226",".302","9","2","0","4","11",".351",".654","0%"
"Nasim Nunez","WSH","2B,SS","114","13","1","9","7",".216",".300","25","4","0","14","29",".281",".582","0%"
"Oliver Dunn","MIL","2B,3B","45","6","1","5","1",".212",".301","9","2","0","6","17",".364",".665","0%"
"Kenedy Corona","HOU","CF,OF,RF","27","4","1","3","1",".213",".275","6","1","0","2","8",".359",".634","0%"
"Evan White","LAA","1B","39","4","2","5","0",".194",".265","8","2","0","4","12",".370",".634","0%"
"Jose Barrero","TEX","SS,CF","51","6","1","6","1",".208",".258","11","2","0","3","19",".341",".599","0%"
"Ryan McKenna","BAL","LF,CF,RF","72","10","2","8","2",".222",".290","16","3","0","7","24",".348",".638","0%"
"Danny Mendick","CWS","2B,3B,SS","47","5","1","5","1",".229",".287","11","2","0","4","10",".338",".625","0%"
"Nathan Martorella","SD","1B","39","5","1","5","0",".225",".296","9","2","0","4","10",".365",".660","0%"
"Pavin Smith","ARI","1B,RF,DH","57","7","2","7","0",".240",".324","14","3","0","7","13",".386",".711","0%"
"Alika Williams","PIT","SS","74","8","1","7","1",".231",".291","17","4","0","6","18",".332",".623","0%"
"George Valera","CLE","LF,CF,RF","52","6","2","6","0",".213",".307","11","2","0","7","18",".352",".659","0%"
"Franmil Reyes","","DH,LF,RF","70","8","3","10","0",".221",".284","15","3","0","6","24",".395",".679","1%"
"Kevin Newman","","1B,2B,3B,SS","74","8","1","7","2",".259",".302","19","4","0","5","11",".354",".656","1%"
"Yu Chang","TB","1B,2B,SS","69","8","2","8","1",".212",".263","15","3","0","5","22",".368",".631","0%"
"Zach Remillard","CWS","2B,3B,OF","54","6","1","5","2",".213",".277","12","2","0","5","15",".294",".571","0%"
"Nathan Lukes","TOR","RF","55","7","1","6","1",".255",".310","14","3","0","4","11",".357",".667","0%"
"Jose Fermin","STL","2B,3B","30","4","0","3","0",".231",".306","7","1","0","3","4",".322",".629","0%"
"Hunter Dozier","LAA","1B,3B,LF,RF","66","8","2","7","1",".217",".281","14","3","0","6","22",".376",".658","0%"
"Jonathan Davis","MIA","CF","36","5","1","3","1",".215",".291","8","1","0","4","11",".313",".603","0%"
"David Villar","SF","2B,3B","35","4","1","4","0",".211",".287","7","1","0","4","12",".362",".650","0%"
"Jake Marisnick","LAA","CF,LF","38","4","1","4","1",".216",".272","8","2","0","3","13",".342",".614","0%"
"Trayce Thompson","NYM","LF,CF,RF","61","7","3","8","1",".189",".275","11","2","0","7","26",".354",".629","1%"
"Kody Clemens","PHI","1B","49","6","2","7","0",".218",".283","11","2","0","4","14",".385",".667","0%"
"Canaan Smith-Njigba","PIT","RF","36","4","1","4","1",".230",".312","8","2","0","4","12",".346",".658","0%"
"Christian Arroyo","MIL","1B,2B,3B,SS,RF","39","4","1","4","1",".245",".281","9","2","0","2","9",".359",".640","1%"
"Brett Harris","OAK","3B","12","1","0","1","0",".216",".285","3","0","0","1","3",".313",".599","0%"
"Kevin Smith","NYY","3B,SS","81","9","3","9","2",".209",".258","17","4","0","5","27",".361",".620","0%"
"Jonah Bride","MIA","3B","80","10","1","9","1",".234",".322","19","4","0","10","18",".349",".671","0%"
"Bubba Thompson","CIN","LF","49","6","1","5","4",".231",".274","11","2","0","3","15",".347",".622","0%"
"Andrew Velazquez","ATL","2B,SS","52","7","1","4","4",".203",".261","11","2","0","4","19",".314",".575","0%"
"Leury Garcia","ATL","2B,3B,SS,LF,RF","65","8","1","6","1",".246",".288","16","3","0","4","15",".336",".624","0%"
"Grae Kessinger","HOU","3B,SS","58","7","1","6","1",".204",".279","12","2","0","6","17",".312",".592","0%"
"Jared Young","STL","1B","25","3","1","3","0",".210",".283","5","1","0","3","7",".334",".617","0%"
"Alfonso Rivas","STL","1B","37","5","1","4","0",".230",".311","8","2","0","4","11",".335",".646","0%"
"Zach DeLoach","CWS","OF,RF","58","7","2","7","0",".215",".290","13","2","0","6","21",".345",".635","0%"
"Aaron Schunk","COL","2B,3B","25","3","1","3","0",".237",".283","6","1","0","2","7",".373",".657","0%"
"Franchy Cordero","","1B,LF,RF","49","7","2","6","1",".226",".294","11","2","0","5","17",".405",".699","1%"
"Mike Brosseau","KC","3B","32","4","1","4","0",".217",".277","7","1","0","3","9",".350",".626","0%"
"Johnathan Rodriguez","CLE","LF,OF,RF","25","3","1","3","0",".240",".300","6","1","0","2","9",".394",".693","0%"
"Darick Hall","PHI","1B","31","4","1","4","0",".223",".287","7","2","0","3","9",".420",".707","0%"
"Rafael Ortega","CWS","CF,LF,RF","51","6","1","5","2",".212",".302","11","2","0","7","13",".326",".628","0%"
"Max Schuemann","OAK","CF,LF,OF","14","2","0","1","1",".207",".308","3","1","0","2","4",".300",".609","0%"
"Ryan Kreidler","DET","SS","31","4","1","3","1",".209",".285","6","1","0","3","10",".368",".653","0%"
"Ben Gamel","NYM","1B,LF,RF","54","7","1","5","1",".224",".311","12","3","0","7","15",".347",".658","0%"
"Leo Jimenez","TOR","2B,SS","35","4","1","4","0",".240",".305","8","2","0","3","8",".355",".660","0%"
"Jonathan Ornelas","TEX","SS","26","3","0","2","0",".228",".294","6","1","0","2","8",".302",".596","0%"
"Nate Eaton","KC","3B,CF,LF,RF","64","7","1","6","3",".217",".270","14","3","0","5","18",".328",".598","0%"
"Tirso Ornelas","SD","LF,RF","32","4","1","3","0",".236",".294","8","2","0","3","8",".355",".649","0%"
"Jeter Downs","NYY","2B,3B,SS","47","6","1","5","2",".196",".274","9","2","0","5","16",".336",".610","0%"
"Julio Carreras","COL","SS","32","4","1","3","1",".251",".300","8","2","0","2","9",".351",".651","0%"
"TJ Hopkins","DET","OF,RF","35","4","1","4","0",".232",".299","8","2","0","3","11",".369",".667","0%"
"Billy McKinney","PIT","CF,LF,RF","41","5","1","5","0",".217",".297","9","2","0","5","13",".367",".664","0%"
"Jose Iglesias","NYM","SS","29","3","0","3","0",".254",".284","7","2","0","1","5",".331",".615","0%"
"David Dahl","PHI","LF,RF","18","2","0","2","0",".228",".280","4","1","0","1","5",".322",".602","0%"
"Michael Siani","STL","CF,OF","55","7","1","5","2",".206",".283","11","2","0","6","15",".310",".593","0%"
"Ehire Adrianza","LAA","2B,3B,SS","29","3","0","3","0",".216",".280","6","1","0","3","7",".295",".575","0%"
"Cooper Hummel","SF","DH,OF","22","3","0","2","1",".201",".307","4","1","0","3","7",".320",".627","0%"
"Jake Lamb","PIT","1B,LF","50","6","1","6","0",".217",".299","11","2","0","6","15",".342",".642","0%"
"Lazaro Armenteros","OAK","LF,OF,RF","12","2","0","1","0",".193",".277","2","0","0","1","6",".312",".589","0%"
"Jose Tena","CLE","SS","26","3","0","3","0",".237",".286","6","1","0","2","9",".342",".628","0%"
"Jorge Barrosa","ARI","CF,LF,OF","24","3","0","2","1",".233",".307","6","1","0","3","5",".352",".659","0%"
"Kyle Garlick","ARI","LF,RF","48","6","2","6","0",".209",".270","10","2","0","4","18",".369",".639","0%"
"Vinny Capra","MIL","3B,SS","21","2","0","2","0",".250",".335","5","1","0","3","5",".333",".668","0%"
"Greg Jones","COL","CF,OF,SS","43","6","1","5","3",".225",".279","10","2","1","3","17",".368",".647","0%"
"Andre Lipcius","LAD","3B","32","4","1","4","0",".237",".315","8","2","0","4","7",".357",".673","0%"
"Jordan Groshans","NYY","1B,3B","40","4","1","4","0",".228",".304","9","2","0","4","8",".315",".619","0%"
"Yunior Severino","MIN","1B,2B,3B","20","3","1","3","0",".221",".292","5","1","0","2","8",".371",".663","0%"
"David Hensley","HOU","2B","33","4","1","3","1",".208",".297","7","2","0","4","11",".304",".601","0%"
"David Hamilton","BOS","SS","19","3","0","2","1",".220",".301","4","1","0","2","6",".337",".638","0%"
"Gilberto Celestino","PIT","LF,CF,RF","38","4","1","4","1",".233",".313","9","2","0","4","9",".326",".639","0%"
"Luke Williams","ATL","2B,3B,LF,SS","34","4","1","3","2",".213",".274","7","1","0","3","10",".311",".584","0%"
"Heliot Ramos","SF","LF,RF","25","3","1","3","0",".226",".284","6","1","0","2","7",".356",".640","0%"
"Diego Castillo","BAL","2B,LF,OF,SS","50","6","1","5","1",".231",".307","12","2","0","5","11",".345",".653","0%"
"Peyton Burdick","BAL","RF","29","3","1","3","1",".191",".270","6","1","0","3","12",".340",".611","0%"
"Livan Soto","LAA","2B,3B,SS","31","3","1","3","0",".214",".291","7","1","0","3","9",".313",".603","0%"
"Terrin Vavra","BAL","2B,LF,RF","42","5","1","4","1",".243",".315","10","2","0","4","10",".345",".660","0%"
"Andrew Stevenson","","LF,CF,RF","35","4","1","3","2",".241",".288","8","2","0","2","9",".357",".646","0%"
"Greg Allen","NYY","LF,CF,RF","37","5","1","3","2",".211",".272","8","2","0","3","12",".318",".590","0%"
"Jimmy Herron","COL","CF","29","4","1","3","1",".242",".303","7","1","0","3","7",".383",".687","0%"
"Clint Frazier","","LF,RF","41","5","1","4","1",".196",".281","8","2","0","5","15",".323",".604","0%"
"Mark Mathias","CIN","2B","34","4","1","4","1",".232",".315","8","2","0","4","11",".352",".667","0%"
"Conner Capel","CIN","LF,RF","35","4","1","3","1",".219",".295","8","2","0","4","10",".334",".629","0%"
"Derek Hill","TEX","CF","34","4","1","3","1",".230",".279","8","1","0","2","10",".341",".620","0%"
"Angel Martinez","CLE","2B,3B,SS","35","4","1","4","0",".232",".288","8","2","0","3","8",".344",".633","0%"
"Lewin Diaz","","1B","37","4","1","5","0",".209",".272","8","2","0","3","10",".366",".638","0%"
"Jonathan Arauz","LAD","2B,3B","43","5","1","5","0",".196",".268","8","2","0","4","11",".316",".584","0%"
"P.J. Higgins","CIN","C,1B","34","4","1","4","0",".226",".286","8","2","0","3","10",".337",".622","0%"
"Bryce Johnson","SD","CF","33","4","1","3","2",".221",".282","7","1","0","3","11",".322",".603","0%"
"Adam Engel","","CF,LF,RF","42","5","1","3","2",".194",".261","8","2","0","4","15",".306",".567","0%"
"Hoy Park","OAK","2B,RF","45","5","1","4","1",".218",".309","10","2","0","6","14",".321",".630","0%"
"Jhonkensy Noel","CLE","1B,3B,LF,OF,RF","36","4","1","5","0",".217",".273","8","2","0","3","10",".368",".642","0%"
"Charles Leblanc","LAA","2B,3B","25","3","1","3","0",".227",".293","6","1","0","2","9",".366",".659","0%"
"Moises Gomez","STL","LF,OF,RF","39","4","1","5","0",".200",".255","8","2","0","3","15",".355",".610","0%"
"Victor Reyes","","LF,CF,RF","29","3","1","3","0",".243",".283","7","1","0","2","7",".362",".645","0%"
"Bradley Zimmer","","CF,RF","53","7","1","4","3",".192",".259","10","2","0","5","23",".308",".567","0%"
"Bligh Madris","DET","1B,RF","39","4","1","4","1",".202",".283","8","2","0","4","11",".324",".607","0%"
"Jahmai Jones","NYY","2B,DH,LF","30","4","1","3","1",".215",".309","6","2","0","4","9",".332",".642","0%"
"Simon Muzziotti","PHI","CF,LF","32","4","0","3","1",".244",".299","8","1","0","3","7",".357",".656","0%"
"Adam Haseley","","RF","43","4","1","3","1",".215",".270","9","2","0","3","9",".306",".576","0%"
"Travis Blankenhorn","WSH","LF","28","3","1","3","0",".221",".287","6","1","0","3","8",".380",".667","0%"
"Eli White","ATL","LF,CF","14","2","0","2","1",".205",".282","3","0","0","2","5",".318",".600","0%"
"Wenceel Perez","DET","2B,CF,OF","24","3","0","2","1",".241",".311","6","1","0","2","5",".369",".680","0%"
"Niko Goodrum","TB","1B,2B","35","5","1","4","1",".213",".318","7","2","0","5","12",".332",".650","0%"
"Yonathan Daza","","LF,CF","18","2","0","2","0",".270",".312","5","1","0","1","3",".364",".676","0%"
"Taylor Kohlwey","NYM","CF,LF,RF","27","3","0","3","1",".210",".296","6","1","0","3","7",".310",".606","0%"
"Jorbit Vivas","NYY","2B","23","3","0","2","0",".243",".313","6","1","0","2","4",".351",".665","0%"
"Jake Mangum","TB","CF,LF","19","2","0","2","0",".250",".286","5","1","0","1","4",".292",".578","0%"
"Mason McCoy","SD","SS","36","4","1","3","1",".179",".251","6","1","0","3","13",".289",".540","0%"
"Tim Elko","CWS","3B","11","1","0","1","0",".199",".225","2","0","0","0","4",".316",".540","0%"
"Eddys Leonard","DET","SS","24","3","1","3","0",".238",".292","6","1","0","2","6",".359",".651","0%"
"Irving Lopez","","2B,3B,LF","38","4","1","4","0",".206",".269","8","2","0","3","9",".304",".574","0%"
"Daniel Schneemann","CLE","3B,SS","21","2","0","2","1",".228",".288","5","1","0","2","6",".283",".571","0%"
"Tristan Gray","MIA","1B,3B,SS","34","4","1","5","0",".197",".252","7","2","0","2","13",".376",".628","0%"
"Seth Beer","PIT","1B,DH","28","3","1","3","0",".218",".291","6","2","0","3","7",".338",".630","0%"
"Cal Stevenson","PHI","CF","16","2","0","2","1",".216",".314","3","1","0","2","5",".326",".640","0%"
"Niko Kavadas","BOS","1B","11","1","0","1","0",".201",".303","2","0","0","2","5",".360",".663","0%"
"Wes Clarke","MIL","C,1B","13","2","0","2","0",".199",".290","3","1","0","2","5",".356",".646","0%"
"David Bote","CHC","1B,2B,3B,SS","12","1","0","1","0",".222",".284","3","1","0","1","4",".359",".643","0%"
"Hunter Stovall","COL","2B","14","2","0","1","0",".253",".300","4","1","0","1","3",".356",".655","0%"
"Alejo Lopez","ATL","2B,3B,RF,SS","9","1","0","1","0",".250",".304","2","0","0","1","2",".329",".634","0%"
"Chris Roller","MIL","CF,OF","11","1","0","1","0",".197",".284","2","0","0","1","4",".301",".585","0%"
"Yonny Hernandez","MIL","2B,3B","10","1","0","1","1",".214",".300","2","0","0","1","3",".283",".583","0%"
"Carlos De La Cruz","PHI","1B,OF,RF","23","2","1","2","0",".214",".278","5","1","0","2","8",".362",".640","0%"
"Didi Gregorius","","SS","7","1","0","1","0",".226",".274","1","0","0","0","1",".350",".624","0%"
"Luis Liberato","ATL","CF,RF","23","2","0","2","0",".184",".274","4","1","0","3","7",".288",".562","0%"
"Erik Gonzalez","CIN","SS","8","1","0","1","0",".226",".261","2","0","0","0","2",".296",".557","0%"
"Phillip Evans","ATL","3B,SS,LF,RF","7","1","0","1","0",".232",".301","2","0","0","1","2",".335",".636","0%"
"Chris Owings","LAD","2B,SS","11","1","0","1","0",".203",".271","2","0","0","1","4",".338",".610","0%"
"Cole Tucker","","2B,CF,RF","20","2","0","2","0",".201",".294","4","1","0","3","5",".295",".588","0%"
"Brewer Hicklen","MIL","LF","6","1","0","1","0",".188",".278","1","0","0","1","2",".273",".551","0%"
"Blaine Crim","TEX","1B","6","1","0","1","0",".301",".385","2","0","0","1","2",".240",".626","0%"
"Blake Rutherford","","LF,CF","64","6","1","6","1",".234",".276","15","4","0","4","15",".354",".629","0%"
"Carlos Perez","CWS","C","74","6","2","8","0",".208",".252","15","3","0","4","12",".325",".577","0%"
"Jeremy De La Rosa","WSH","CF,OF,RF","37","4","1","4","2",".220",".293","8","1","0","4","14",".320",".613","0%"
"Luis Vazquez","CHC","2B,SS","40","4","1","4","1",".216",".279","9","1","0","3","11",".313",".591","0%"
"Rylan Bannon","NYM","2B,3B","45","5","1","5","1",".172",".288","8","1","0","7","12",".282",".570","0%"
"Diego Hernandez","KC","CF,OF","24","3","0","2","1",".238",".288","6","1","0","2","6",".300",".588","0%"
"Carlos Narvaez","NYY","C","22","3","1","3","0",".191",".285","4","1","0","3","8",".364",".649","0%"
"Diego Cartaya","LAD","C","26","3","1","3","0",".188",".261","5","1","0","3","9",".345",".606","1%"
"Chris Okey","LAD","C","20","2","1","2","0",".188",".241","4","1","0","1","6",".328",".568","0%"
"Joe Hudson","CHC","C","17","2","1","2","0",".182",".269","3","1","0","2","6",".423",".692","0%"
"Jacob Wilson","OAK","SS","36","3","1","3","0",".174",".237","6","1","0","3","8",".272",".509","0%"
"Buddy Kennedy","DET","3B","19","2","0","2","0",".221",".315","4","1","0","3","5",".332",".647","0%"
"Brian O'Keefe","MIN","C","24","2","1","2","0",".174",".251","4","1","0","2","7",".323",".574","0%"
"Cam Eden","TOR","CF,LF,RF","11","1","0","1","1",".209",".266","2","1","0","1","4",".314",".579","0%"
"Victor Mesa Jr.","MIA","LF,OF","13","1","0","1","0",".230",".283","3","1","0","1","3",".334",".617","0%"
"Ryan Ward","LAD","LF","6","1","0","1","0",".179",".199","1","0","0","0","2",".231",".429","0%"
"Tyler Cropley","KC","C","23","2","0","2","0",".185",".260","4","1","0","2","6",".252",".513","0%"
"Chandler Seagle","SD","C","24","2","0","1","0",".171",".223","4","1","0","2","8",".240",".462","0%"
""
""